essay_id,rater,ideas,organization,style,conventions
17834,1,1,2,2,3
17836,1,1,1,2,2
17837,1,1,2,2,2
17838,1,2,2,2,2
17839,1,1,2,2,2
17840,1,2,3,3,3
17841,1,2,2,2,2
17842,1,2,2,2,3
17843,1,2,2,2,2
17844,1,0,1,1,2
17845,1,2,2,2,2
17846,1,2,2,3,2
17847,1,2,2,2,3
17849,1,1,2,2,1
17850,1,2,1,1,1
17851,1,2,2,2,2
17852,1,2,3,2,2
17853,1,2,2,2,2
17854,1,2,3,2,3
17856,1,1,1,2,2
17857,1,2,2,2,3
17858,1,3,3,3,3
17859,1,2,2,2,3
17860,1,2,2,2,2
17861,1,2,2,2,2
17862,1,1,1,1,2
17863,1,0,1,1,1
17864,1,2,2,1,1
17865,1,2,3,2,2
17867,1,2,2,2,2
17868,1,2,2,2,2
17869,1,1,1,2,2
17870,1,3,3,3,3
17871,1,3,3,3,3
17872,1,2,2,3,3
17873,1,2,2,2,3
17874,1,3,3,2,3
17875,1,2,2,2,1
17876,1,2,2,2,2
17878,1,0,1,1,2
17879,1,1,1,1,1
17880,1,2,2,2,2
17881,1,1,1,2,2
17882,1,1,1,2,2
17883,1,2,2,2,2
17884,1,3,3,3,3
17885,1,1,1,1,1
17886,1,1,1,1,1
17887,1,3,3,2,2
17888,1,2,2,2,2
17889,1,0,1,1,2
17890,1,2,2,1,2
17891,1,3,3,3,3
17892,1,2,3,2,2
17893,1,2,2,2,2
17894,1,2,2,1,2
17896,1,1,1,2,2
17897,1,2,2,3,3
17898,1,2,2,2,2
17899,1,3,3,3,3
17900,1,2,2,2,2
17901,1,2,2,1,1
17902,1,2,2,2,2
17903,1,1,1,1,2
17904,1,2,2,2,2
17905,1,1,1,1,1
17906,1,2,2,3,3
17908,1,3,3,3,3
17909,1,3,3,2,2
17910,1,3,2,2,1
17911,1,2,2,2,2
17912,1,1,1,1,1
17913,1,2,2,2,2
17914,1,0,1,3,2
17915,1,2,2,2,2
17916,1,1,1,1,2
17917,1,1,1,0,1
17918,1,2,2,2,2
17919,1,3,3,3,3
17920,1,1,1,2,2
17921,1,1,1,2,1
17922,1,2,2,2,3
17923,1,3,3,3,3
17924,1,3,3,3,3
17926,1,2,3,2,3
17927,1,1,1,1,0
17928,1,1,1,2,2
17930,1,2,2,2,3
17931,1,3,3,3,3
17932,1,3,3,3,3
17933,1,1,2,2,2
17935,1,2,2,2,2
17936,1,0,1,1,1
17937,1,1,1,1,2
17938,1,0,1,2,2
17939,1,2,2,3,3
17940,1,1,1,1,1
17941,1,2,2,2,1
17942,1,2,2,3,2
17943,1,1,1,1,1
17944,1,2,2,2,2
17945,1,3,3,2,2
17946,1,1,2,1,2
17947,1,3,3,3,3
17949,1,0,1,1,1
17950,1,1,1,2,2
17951,1,1,1,1,2
17952,1,2,3,2,3
17953,1,2,2,2,2
17954,1,2,2,1,2
17955,1,3,3,3,3
17957,1,0,1,1,1
17959,1,0,1,1,2
17961,1,2,2,2,2
17962,1,0,2,2,3
17963,1,3,3,3,2
17964,1,2,2,2,3
17965,1,1,2,1,2
17966,1,2,2,2,2
17967,1,2,2,2,2
17968,1,2,2,3,3
17969,1,2,2,2,2
17970,1,1,2,1,2
17971,1,2,3,2,2
17973,1,2,2,1,2
17974,1,2,2,2,2
17975,1,2,2,2,2
17976,1,0,1,2,2
17977,1,2,2,2,2
17978,1,1,1,1,1
17979,1,2,3,2,3
17980,1,3,3,3,3
17981,1,0,2,2,2
17982,1,1,2,1,1
17983,1,2,2,2,2
17984,1,2,2,2,3
17985,1,1,1,2,1
17986,1,2,2,2,2
17987,1,2,2,3,3
17988,1,2,2,2,2
17989,1,2,1,2,2
17990,1,1,1,1,2
17991,1,3,3,3,3
17992,1,0,1,1,1
17993,1,3,3,2,1
17996,1,2,2,2,1
17997,1,2,2,1,1
17998,1,2,2,2,3
18000,1,2,2,3,3
18001,1,2,2,2,2
18002,1,1,1,2,1
18004,1,2,2,2,2
18005,1,3,3,3,2
18006,1,2,2,2,2
18008,1,2,2,2,2
18011,1,0,1,2,2
18012,1,3,2,2,2
18013,1,2,1,2,1
18014,1,3,3,3,3
18015,1,2,2,2,1
18016,1,3,3,3,3
18017,1,2,2,2,2
18018,1,1,2,1,1
18019,1,3,3,3,3
18020,1,2,2,2,1
18021,1,2,2,2,2
18022,1,2,2,2,2
18023,1,1,1,1,1
18025,1,3,3,3,2
18026,1,2,2,2,2
18028,1,3,3,2,3
18029,1,2,3,2,2
18030,1,3,2,2,3
18031,1,1,1,1,1
18032,1,2,2,2,1
18033,1,1,1,1,2
18034,1,3,3,3,3
18035,1,1,1,2,3
18036,1,1,1,1,1
18037,1,1,2,2,2
18038,1,3,3,3,3
18039,1,2,2,2,2
18040,1,1,1,1,2
18041,1,2,2,2,2
18042,1,2,2,2,2
18043,1,0,1,1,1
18044,1,2,2,2,2
18045,1,3,3,2,3
18046,1,1,1,1,1
18047,1,3,3,3,3
18048,1,2,3,3,3
18049,1,3,3,2,2
18050,1,1,1,1,1
18051,1,2,3,2,3
18052,1,2,2,2,3
18053,1,3,3,3,3
18054,1,2,2,2,2
18055,1,2,2,2,2
18056,1,3,3,3,3
18057,1,2,2,2,2
18058,1,2,2,2,3
18060,1,1,1,1,1
18061,1,2,2,2,2
18062,1,2,2,2,3
18064,1,2,3,2,2
18065,1,2,2,2,2
18066,1,3,3,2,3
18067,1,2,3,2,3
18068,1,3,3,3,3
18070,1,2,1,3,3
18071,1,2,2,2,2
18072,1,1,2,2,2
18073,1,2,3,2,3
18074,1,2,2,2,1
18075,1,2,2,2,2
18076,1,2,2,1,1
18077,1,1,3,3,3
18078,1,3,3,2,3
18079,1,3,3,3,3
18080,1,0,1,2,2
18081,1,3,3,3,2
18082,1,2,2,2,1
18083,1,2,2,2,3
18084,1,2,2,1,2
18086,1,2,2,2,2
18087,1,2,2,2,3
18088,1,0,1,1,1
18089,1,3,3,2,3
18090,1,2,3,2,3
18091,1,0,1,1,1
18092,1,2,3,2,2
18093,1,2,2,2,2
18094,1,2,2,2,3
18095,1,0,1,2,3
18096,1,2,2,2,2
18097,1,2,2,2,3
18098,1,2,3,3,3
18099,1,2,2,2,2
18100,1,2,2,2,2
18102,1,1,1,1,2
18103,1,2,1,2,1
18105,1,2,2,2,2
18106,1,2,2,2,2
18107,1,2,2,2,2
18108,1,1,1,2,1
18109,1,1,1,1,1
18110,1,2,2,2,2
18112,1,2,2,2,2
18114,1,3,3,2,2
18115,1,2,2,2,2
18116,1,2,3,2,2
18117,1,2,2,2,2
18118,1,1,1,2,2
18119,1,2,2,2,2
18120,1,3,3,2,2
18121,1,0,1,2,3
18123,1,0,2,2,2
18124,1,2,2,2,2
18126,1,1,1,1,1
18127,1,2,2,2,2
18128,1,2,2,2,2
18129,1,2,2,1,2
18130,1,2,2,2,2
18131,1,1,2,2,2
18132,1,2,2,2,2
18133,1,2,2,2,2
18134,1,1,2,2,2
18135,1,1,1,1,1
18136,1,2,1,2,2
18137,1,2,1,2,2
18138,1,2,2,2,1
18140,1,2,2,2,3
18141,1,2,2,2,1
18142,1,3,2,2,2
18143,1,0,2,2,3
18144,1,2,2,2,2
18146,1,2,2,2,3
18147,1,2,2,2,2
18148,1,2,2,3,3
18149,1,1,1,1,1
18150,1,2,1,1,2
18151,1,2,1,2,2
18152,1,0,1,1,1
18153,1,3,3,3,3
18154,1,2,2,2,2
18156,1,2,3,2,2
18159,1,2,2,2,3
18160,1,3,3,3,3
18161,1,1,0,0,1
18162,1,2,2,2,2
18163,1,2,2,2,2
18164,1,3,3,2,3
18165,1,2,2,2,2
18166,1,2,2,2,2
18167,1,0,0,1,1
18168,1,2,3,1,2
18169,1,2,2,2,2
18170,1,2,1,1,2
18171,1,2,2,2,2
18172,1,3,3,2,3
18173,1,1,2,1,2
18174,1,3,3,3,3
18175,1,3,3,2,2
18177,1,1,1,1,2
18178,1,3,3,2,3
18179,1,0,1,1,1
18180,1,2,2,2,3
18181,1,3,2,2,2
18182,1,2,2,2,2
18183,1,2,2,2,2
18184,1,0,1,1,1
18185,1,2,2,2,1
18186,1,1,1,2,2
18187,1,3,3,3,3
18189,1,2,3,3,3
18190,1,2,1,2,1
18191,1,2,2,2,2
18192,1,2,2,2,2
18193,1,1,1,2,2
18194,1,0,2,2,3
18195,1,2,1,1,1
18196,1,1,1,1,0
18197,1,2,2,2,2
18198,1,2,3,2,2
18200,1,3,3,2,3
18201,1,2,2,2,3
18202,1,2,2,2,3
18203,1,1,1,0,1
18205,1,3,3,3,3
18206,1,2,2,2,2
18207,1,2,2,1,1
18208,1,2,2,2,2
18209,1,2,2,2,2
18210,1,3,2,2,3
18211,1,2,2,2,3
18212,1,0,1,2,2
18213,1,3,3,2,3
18215,1,1,1,1,1
18217,1,2,2,2,3
18218,1,2,2,2,2
18219,1,1,1,0,0
18220,1,3,2,2,3
18221,1,1,1,1,1
18222,1,3,3,3,3
18223,1,3,3,3,1
18225,1,3,3,3,3
18226,1,3,3,2,3
18227,1,2,3,2,3
18228,1,0,2,2,3
18229,1,3,3,3,3
18230,1,2,2,2,2
18231,1,3,3,2,3
18232,1,2,2,2,2
18233,1,0,1,2,2
18234,1,2,2,2,3
18235,1,3,3,2,2
18236,1,2,2,2,3
18237,1,3,3,3,2
18238,1,2,2,2,2
18239,1,1,1,1,0
18240,1,2,2,2,2
18241,1,2,2,2,2
18242,1,2,2,2,3
18243,1,3,3,3,3
18244,1,2,2,2,2
18245,1,0,1,1,2
18246,1,2,3,2,2
18247,1,1,1,1,1
18248,1,0,1,2,2
18249,1,1,1,2,2
18250,1,3,3,3,3
18251,1,1,1,1,2
18252,1,2,2,1,1
18253,1,1,3,2,2
18254,1,1,2,2,2
18255,1,2,2,2,3
18256,1,3,3,2,3
18257,1,2,2,2,2
18258,1,1,1,1,1
18259,1,1,1,2,1
18260,1,0,1,2,3
18261,1,2,2,3,3
18262,1,2,2,2,2
18263,1,1,1,2,1
18264,1,2,2,2,2
18265,1,2,2,2,2
18266,1,3,3,3,3
18267,1,0,2,2,2
18268,1,0,1,2,1
18269,1,2,2,2,3
18271,1,2,2,2,2
18272,1,1,1,2,2
18273,1,2,2,2,3
18275,1,3,2,3,3
18276,1,2,2,2,3
18277,1,2,3,2,2
18278,1,1,2,2,2
18279,1,3,3,3,3
18280,1,2,2,2,2
18281,1,3,3,3,3
18282,1,3,3,2,2
18283,1,2,2,2,2
18284,1,0,1,2,2
18285,1,2,2,2,2
18286,1,3,3,3,3
18287,1,2,2,2,3
18288,1,1,1,1,1
18289,1,2,3,2,2
18290,1,1,1,1,1
18291,1,3,3,2,3
18292,1,2,2,2,2
18293,1,1,1,1,2
18294,1,0,3,3,3
18295,1,2,2,2,2
18296,1,1,1,1,1
18297,1,3,3,3,3
18298,1,2,2,2,2
18300,1,0,1,2,3
18301,1,2,2,1,1
18302,1,2,2,2,2
18303,1,2,2,2,2
18304,1,0,2,2,3
18305,1,3,3,2,2
18306,1,0,1,2,2
18307,1,2,3,2,3
18308,1,1,1,1,3
18309,1,2,2,2,3
18310,1,0,1,2,1
18311,1,3,3,3,3
18312,1,2,2,3,2
18314,1,3,3,3,3
18317,1,2,2,2,2
18318,1,0,2,2,2
18319,1,3,3,3,3
18320,1,0,2,2,2
18321,1,1,2,2,3
18322,1,2,2,2,2
18324,1,3,3,3,3
18325,1,2,2,2,2
18326,1,1,1,2,2
18327,1,3,2,2,2
18329,1,0,1,2,2
18330,1,0,1,0,1
18331,1,1,2,1,2
18332,1,3,3,3,3
18333,1,3,3,2,2
18334,1,2,2,2,2
18335,1,2,2,2,2
18336,1,3,3,3,3
18337,1,3,3,3,2
18338,1,2,2,2,3
18339,1,3,3,3,3
18340,1,3,3,2,2
18341,1,2,3,3,3
18342,1,2,2,2,2
18343,1,1,1,2,3
18344,1,2,2,2,2
18345,1,3,2,2,2
18346,1,2,2,2,2
18347,1,2,1,1,2
18348,1,1,1,1,1
18349,1,3,2,2,3
18350,1,1,1,1,1
18352,1,2,1,2,3
18353,1,2,2,1,2
18354,1,1,1,2,1
18355,1,0,1,2,1
18356,1,2,3,2,2
18357,1,2,2,2,2
18358,1,2,2,1,2
18361,1,0,1,1,2
18362,1,3,3,3,3
18363,1,3,3,3,3
18364,1,2,2,2,2
18365,1,2,2,2,2
18366,1,2,2,2,2
18367,1,3,3,2,2
18368,1,2,2,2,1
18369,1,2,2,2,2
18370,1,1,1,1,1
18371,1,3,3,2,2
18373,1,2,2,2,2
18374,1,1,1,1,1
18375,1,1,1,1,1
18376,1,2,2,2,2
18377,1,3,3,3,3
18378,1,2,2,2,2
18379,1,2,2,1,2
18380,1,2,2,2,3
18381,1,3,3,3,3
18383,1,1,2,1,1
18384,1,2,1,1,1
18386,1,3,3,3,3
18387,1,2,2,2,2
18388,1,2,3,2,3
18389,1,2,2,2,2
18390,1,2,2,2,2
18391,1,2,3,2,3
18392,1,2,1,2,2
18393,1,2,3,2,3
18394,1,2,2,2,2
18395,1,3,3,3,3
18396,1,2,2,3,2
18398,1,2,2,3,3
18399,1,3,3,2,2
18401,1,3,3,2,2
18402,1,0,1,1,1
18403,1,1,1,2,2
18404,1,2,2,2,2
18405,1,2,2,2,2
18406,1,3,3,2,2
18407,1,3,3,2,2
18408,1,3,3,3,3
18409,1,2,2,2,2
18411,1,1,1,1,2
18412,1,1,1,2,2
18413,1,3,3,2,1
18414,1,1,1,1,2
18415,1,2,2,2,1
18416,1,3,3,2,3
18417,1,1,1,2,2
18418,1,2,2,2,3
18419,1,3,3,3,3
18421,1,2,2,2,2
18422,1,3,3,2,3
18423,1,2,3,2,3
18424,1,1,1,2,3
18426,1,1,1,1,2
18427,1,2,2,2,2
18428,1,1,1,2,2
18429,1,0,2,2,3
18430,1,3,3,2,2
18432,1,2,2,2,3
18433,1,3,3,2,3
18434,1,2,1,2,2
18435,1,2,2,2,2
18436,1,1,1,1,1
18438,1,2,2,3,3
18441,1,0,1,2,2
18442,1,3,3,3,3
18444,1,2,2,2,2
18445,1,0,1,2,2
18446,1,0,1,1,1
18448,1,2,2,2,3
18449,1,2,2,2,2
18450,1,2,3,2,3
18451,1,3,3,3,3
18453,1,2,2,2,2
18454,1,3,3,3,3
18455,1,1,1,1,1
18456,1,0,2,2,2
18458,1,2,2,2,3
18459,1,3,3,2,2
18460,1,2,2,2,3
18461,1,2,1,1,2
18463,1,1,1,1,0
18464,1,2,2,2,2
18465,1,3,3,2,2
18466,1,1,1,2,1
18467,1,3,2,2,2
18468,1,1,1,1,1
18471,1,2,2,2,3
18472,1,1,1,2,2
18473,1,3,3,3,3
18474,1,3,3,2,2
18475,1,2,2,2,3
18476,1,2,2,2,2
18477,1,3,3,3,2
18478,1,1,1,2,2
18479,1,3,3,3,2
18480,1,2,2,2,2
18481,1,1,1,1,1
18482,1,3,3,3,3
18484,1,1,1,2,2
18485,1,2,3,2,3
18488,1,1,1,2,1
18489,1,3,3,3,3
18490,1,2,2,2,2
18491,1,2,2,2,2
18492,1,2,2,2,2
18494,1,2,3,3,2
18495,1,2,2,2,2
18496,1,0,1,1,1
18497,1,3,3,3,3
18498,1,2,3,2,3
18499,1,3,3,3,3
18500,1,3,3,3,3
18501,1,1,1,1,2
18502,1,2,2,2,2
18503,1,2,2,2,2
18504,1,0,1,1,1
18505,1,1,1,1,2
18506,1,1,1,1,2
18507,1,2,3,2,3
18508,1,2,2,2,3
18509,1,0,1,2,2
18510,1,2,2,2,2
18511,1,1,1,1,1
18512,1,1,1,1,1
18513,1,2,2,2,2
18514,1,1,1,1,2
18515,1,3,3,3,3
18516,1,2,2,1,2
18517,1,2,2,2,2
18518,1,1,1,2,2
18519,1,2,2,2,2
18520,1,2,2,2,3
18521,1,3,3,3,3
18522,1,1,1,1,1
18523,1,2,2,2,3
18524,1,2,2,2,2
18525,1,2,2,3,3
18526,1,2,3,1,2
18527,1,1,2,2,2
18528,1,3,3,3,2
18529,1,0,2,2,2
18530,1,2,2,2,2
18531,1,2,1,1,1
18533,1,1,2,1,1
18534,1,3,3,3,3
18535,1,1,1,2,2
18536,1,3,3,3,3
18537,1,1,2,1,2
18538,1,1,1,2,2
18539,1,1,1,2,1
18540,1,2,2,2,2
18541,1,3,3,3,2
18542,1,3,3,2,3
18544,1,2,2,2,2
18545,1,0,2,2,2
18546,1,2,2,1,2
18547,1,0,1,2,1
18548,1,0,1,1,2
18549,1,2,3,2,3
18550,1,1,2,2,2
18551,1,0,1,1,2
18552,1,1,1,2,2
18553,1,1,1,2,2
18554,1,2,2,2,2
18556,1,2,2,3,3
18557,1,2,2,2,2
18558,1,3,3,3,3
18559,1,2,2,2,3
18560,1,3,3,3,3
18561,1,3,3,3,2
18562,1,2,2,2,2
18563,1,2,2,2,2
18564,1,1,2,2,2
18565,1,0,2,2,3
18566,1,3,3,3,3
18567,1,3,3,3,3
18569,1,2,3,2,3
18570,1,3,3,3,3
18571,1,1,2,2,2
18572,1,2,2,2,2
18573,1,2,3,2,3
18574,1,2,2,1,1
18575,1,1,2,2,2
18576,1,2,2,2,2
18577,1,2,3,3,2
18578,1,1,2,2,3
18579,1,2,2,2,2
18580,1,2,3,2,3
18581,1,2,3,2,2
18582,1,2,2,2,2
18583,1,2,2,2,3
18584,1,2,2,2,3
18586,1,0,1,2,2
18587,1,2,2,2,2
18588,1,2,3,3,3
18590,1,1,1,3,3
18591,1,3,3,3,3
18592,1,1,1,1,1
18593,1,3,3,3,3
18594,1,2,2,2,3
18595,1,1,1,1,2
18596,1,3,3,2,3
18597,1,2,2,2,3
18598,1,2,2,2,2
18599,1,3,2,2,3
18600,1,3,3,3,3
18601,1,2,2,2,2
18602,1,3,2,2,2
18603,1,2,2,2,2
18604,1,2,2,2,3
18605,1,3,2,2,3
18606,1,2,3,2,2
18607,1,2,2,2,2
18608,1,3,3,2,2
18609,1,0,1,2,3
18610,1,2,2,1,1
18611,1,1,2,2,2
18612,1,1,1,1,2
18613,1,2,2,2,2
18614,1,3,3,2,2
18615,1,2,2,2,2
18616,1,3,3,3,3
18617,1,3,3,2,2
18618,1,2,3,2,2
18619,1,2,2,2,2
18620,1,2,1,2,2
18621,1,1,1,2,2
18622,1,1,1,1,1
18624,1,3,2,2,2
18626,1,0,2,2,3
18627,1,2,2,2,3
18628,1,2,2,2,2
18629,1,2,2,2,2
18630,1,2,2,2,2
18631,1,3,3,3,3
18632,1,2,2,2,3
18633,1,1,1,1,2
18634,1,0,1,2,2
18635,1,2,2,1,1
18636,1,3,3,3,3
18637,1,2,3,2,3
18638,1,1,1,1,2
18639,1,1,2,1,2
18640,1,3,3,2,2
18641,1,0,3,2,3
18642,1,2,2,2,2
18643,1,1,2,2,2
18644,1,2,2,2,3
18645,1,0,1,1,2
18646,1,3,3,3,3
18647,1,2,2,3,3
18648,1,3,2,2,3
18649,1,2,2,2,2
18650,1,2,3,2,3
18651,1,3,3,3,3
18652,1,3,3,2,3
18653,1,3,3,3,3
18654,1,2,2,2,2
18655,1,3,3,3,2
18656,1,3,3,3,3
18657,1,3,2,3,3
18658,1,0,1,1,1
18659,1,1,2,2,1
18660,1,2,2,2,2
18661,1,2,2,2,3
18662,1,2,2,2,3
18663,1,2,2,2,2
18664,1,2,3,3,2
18666,1,0,2,2,2
18667,1,1,3,3,3
18668,1,2,2,2,3
18669,1,2,2,2,2
18670,1,0,1,2,2
18671,1,2,2,2,2
18672,1,3,2,2,2
18674,1,2,2,2,3
18675,1,2,2,2,2
18676,1,3,3,3,3
18677,1,2,2,2,2
18678,1,0,1,2,2
18680,1,0,1,1,1
18681,1,3,3,3,2
18682,1,3,3,3,2
18683,1,2,2,2,2
18684,1,2,2,2,2
18685,1,3,3,3,3
18686,1,2,2,2,3
18688,1,1,1,1,1
18689,1,0,1,1,2
18690,1,0,2,2,2
18691,1,3,3,2,2
18693,1,1,1,2,2
18694,1,2,2,2,2
18695,1,1,2,2,3
18696,1,2,3,3,3
18697,1,2,2,2,2
18698,1,1,1,2,2
18700,1,1,2,2,2
18701,1,3,3,3,3
18702,1,3,3,3,3
18703,1,1,2,1,2
18704,1,2,2,2,2
18705,1,3,3,2,3
18706,1,1,1,1,1
18707,1,2,2,2,2
18708,1,2,2,2,3
18709,1,2,2,3,2
18710,1,2,2,2,2
18711,1,1,2,2,1
18712,1,2,2,2,2
18713,1,0,3,3,2
18714,1,2,2,1,1
18715,1,2,2,2,3
18716,1,2,2,2,2
18717,1,0,2,2,3
18718,1,1,1,1,1
18719,1,1,1,1,1
18720,1,0,1,2,2
18721,1,1,2,2,2
18722,1,3,3,3,3
18723,1,2,2,2,2
18724,1,3,3,3,3
18725,1,2,3,2,2
18726,1,3,3,3,3
18727,1,0,1,2,2
18729,1,2,2,2,2
18730,1,2,2,2,3
18731,1,2,2,2,3
18732,1,2,2,2,3
18733,1,2,3,3,3
18734,1,0,0,0,0
18736,1,2,2,2,2
18737,1,2,2,2,2
18738,1,2,2,2,2
18739,1,0,1,1,2
18740,1,2,2,2,3
18741,1,3,3,3,3
18742,1,1,1,2,2
18743,1,0,1,2,1
18744,1,2,2,2,2
18745,1,2,2,2,3
18747,1,0,1,1,1
18748,1,0,2,2,3
18749,1,1,1,1,2
18750,1,0,1,0,1
18751,1,3,3,2,3
18752,1,2,2,2,2
18753,1,0,1,2,2
18754,1,1,1,2,2
18756,1,3,3,3,2
18757,1,2,2,2,2
18758,1,1,1,2,1
18759,1,2,3,3,3
18760,1,2,2,2,2
18761,1,3,3,3,3
18762,1,2,2,2,2
18763,1,2,2,2,2
18764,1,1,0,1,1
18765,1,2,2,2,2
18766,1,0,1,2,2
18767,1,1,1,2,2
18768,1,1,2,1,1
18769,1,0,1,2,3
18770,1,3,3,3,3
18771,1,3,3,3,3
18772,1,2,2,3,2
18773,1,1,1,2,2
18774,1,2,2,2,2
18775,1,3,3,3,3
18776,1,3,3,2,3
18777,1,2,2,2,1
18778,1,3,3,3,3
18779,1,2,3,2,3
18780,1,2,1,2,2
18781,1,1,1,2,1
18782,1,1,1,2,2
18783,1,1,1,1,1
18784,1,2,2,2,2
18785,1,1,1,1,1
18786,1,3,3,2,3
18787,1,2,2,2,1
18788,1,3,3,3,3
18789,1,3,2,2,3
18790,1,1,2,2,2
18791,1,3,3,2,3
18792,1,2,2,2,2
18793,1,3,3,3,3
18794,1,0,1,1,1
18795,1,1,1,1,2
18796,1,2,2,2,2
18797,1,1,1,1,2
18798,1,2,3,2,3
18799,1,3,3,2,3
18800,1,2,2,2,3
18801,1,2,2,2,2
18802,1,2,2,1,1
18803,1,1,2,2,2
18804,1,0,1,2,2
18805,1,2,2,2,2
18806,1,2,2,2,2
18807,1,1,0,1,1
18808,1,0,1,2,2
18809,1,3,3,3,3
18810,1,2,3,2,2
18811,1,2,3,2,3
18812,1,1,2,2,3
18813,1,1,1,1,1
18814,1,2,2,2,3
18815,1,2,2,2,3
18816,1,2,2,2,3
18817,1,2,2,2,2
18818,1,3,3,3,3
18819,1,2,2,2,2
18820,1,2,2,2,2
18821,1,3,2,3,3
18822,1,0,1,0,1
18823,1,2,2,2,3
18824,1,2,2,2,2
18825,1,2,3,2,3
18826,1,3,3,3,3
18827,1,2,2,2,2
18829,1,2,1,2,3
18830,1,1,1,1,2
18831,1,2,2,2,2
18832,1,3,3,3,3
18833,1,3,3,3,2
18834,1,2,2,2,2
18835,1,3,3,3,3
18836,1,2,2,2,3
18837,1,2,3,3,3
18839,1,3,3,3,3
18840,1,1,1,1,2
18841,1,1,2,2,2
18842,1,3,3,2,2
18843,1,2,2,3,2
18844,1,1,1,1,1
18845,1,2,2,2,2
18847,1,2,2,3,3
18848,1,3,3,3,3
18849,1,2,2,2,2
18851,1,3,3,3,3
18852,1,2,1,2,1
18853,1,2,3,3,3
18854,1,2,2,2,1
18855,1,2,2,2,2
18856,1,1,1,1,1
18857,1,3,3,3,3
18858,1,1,1,2,2
18859,1,0,1,1,1
18860,1,2,2,2,3
18861,1,2,2,2,2
18862,1,1,2,2,2
18863,1,2,2,2,2
18864,1,3,3,3,3
18865,1,1,2,1,1
18868,1,3,3,3,3
18870,1,2,3,2,3
18871,1,2,2,1,2
18872,1,3,2,3,3
18873,1,2,2,2,2
18874,1,3,3,3,3
18875,1,2,2,2,2
18876,1,0,0,0,1
18877,1,1,2,2,2
18878,1,2,2,1,2
18879,1,0,3,3,3
18880,1,2,2,2,2
18881,1,2,2,2,2
18882,1,2,2,2,2
18883,1,2,3,2,2
18884,1,3,3,3,3
18885,1,1,1,1,2
18886,1,3,3,3,3
18887,1,2,2,2,2
18888,1,2,2,2,2
18889,1,3,3,3,3
18890,1,3,3,2,2
18891,1,1,3,2,2
18892,1,2,2,2,2
18894,1,2,2,2,3
18895,1,1,1,2,2
18896,1,2,3,2,2
18897,1,2,3,2,3
18898,1,2,2,3,3
18899,1,2,2,2,2
18900,1,2,2,2,2
18901,1,2,2,2,2
18902,1,1,1,1,2
18903,1,1,1,1,1
18904,1,1,1,3,3
18905,1,1,2,2,3
18906,1,2,2,2,3
18907,1,3,3,3,3
18908,1,2,2,2,2
18909,1,2,2,2,3
18910,1,2,2,2,2
18911,1,0,1,1,1
18912,1,2,2,2,2
18913,1,1,1,2,3
18914,1,2,2,2,2
18915,1,2,2,2,2
18916,1,0,1,2,2
18917,1,2,3,2,3
18919,1,1,1,2,2
18920,1,0,1,2,2
18921,1,2,3,2,2
18922,1,1,1,2,2
18923,1,3,3,2,3
18924,1,0,2,2,2
18925,1,2,2,2,3
18926,1,2,2,2,2
18927,1,2,2,2,1
18928,1,2,2,2,2
18929,1,3,2,2,2
18930,1,1,1,2,2
18931,1,1,1,2,3
18932,1,2,2,2,2
18933,1,2,2,2,2
18934,1,3,2,3,3
18935,1,2,2,2,2
18936,1,2,2,2,2
18937,1,2,2,1,1
18938,1,2,2,2,3
18939,1,1,1,1,2
18940,1,2,3,2,2
18941,1,1,1,3,3
18942,1,2,3,2,3
18943,1,3,3,3,3
18944,1,1,1,1,1
18945,1,3,3,3,3
18946,1,3,3,3,3
18947,1,3,3,2,3
18949,1,2,2,2,2
18950,1,2,2,2,3
18951,1,2,2,2,2
18952,1,1,1,1,1
18954,1,2,3,2,3
18955,1,2,3,2,2
18956,1,1,1,1,1
18957,1,2,2,2,2
18958,1,0,0,0,1
18959,1,2,3,2,2
18960,1,3,3,3,3
18961,1,1,1,1,1
18962,1,2,2,2,3
18963,1,3,3,2,3
18964,1,3,3,3,3
18965,1,2,2,2,2
18967,1,1,2,2,2
18968,1,2,2,2,2
18969,1,3,3,3,2
18970,1,0,1,2,2
18971,1,0,2,2,3
18972,1,2,2,2,2
18973,1,1,1,2,2
18974,1,3,3,3,3
18976,1,1,1,1,1
18977,1,3,3,2,2
18978,1,3,3,3,3
18979,1,2,2,2,2
18980,1,1,1,1,1
18981,1,2,2,2,2
18982,1,2,2,2,2
18983,1,3,3,3,3
18984,1,0,1,1,1
18985,1,3,3,2,3
18986,1,2,2,2,2
18987,1,3,3,2,3
18988,1,3,3,3,2
18989,1,2,2,2,2
18990,1,2,2,2,2
18991,1,2,2,2,3
18993,1,1,1,2,2
18994,1,1,2,1,1
18995,1,2,2,2,2
18996,1,2,2,2,1
18997,1,0,1,1,1
18998,1,2,2,2,1
18999,1,2,2,2,2
19000,1,2,2,2,2
19001,1,2,2,2,2
19002,1,3,3,2,3
19003,1,3,2,3,2
19004,1,0,1,2,2
19005,1,3,2,2,3
19006,1,2,2,2,2
19007,1,2,2,2,3
19008,1,1,1,2,2
19009,1,2,1,2,2
19010,1,0,0,1,2
19011,1,2,2,2,2
19012,1,2,2,2,2
19013,1,1,3,2,3
19015,1,1,1,2,2
19017,1,2,2,2,3
19018,1,2,3,2,3
19020,1,2,2,2,2
19022,1,2,2,2,3
19023,1,2,2,3,2
19024,1,1,2,1,1
19025,1,2,2,2,2
19026,1,2,2,2,3
19027,1,0,1,2,3
19028,1,1,1,2,3
19029,1,3,3,3,3
19030,1,3,2,3,2
19031,1,2,3,2,3
19032,1,1,1,1,1
19033,1,0,2,2,2
19034,1,3,3,2,2
19035,1,2,2,2,2
19036,1,2,2,1,1
19037,1,2,2,2,2
19038,1,2,2,3,2
19039,1,2,2,2,3
19041,1,2,2,2,2
19042,1,2,2,1,1
19044,1,0,1,2,1
19046,1,2,2,1,2
19047,1,2,2,2,2
19048,1,0,1,2,2
19049,1,3,3,3,3
19050,1,2,2,2,2
19051,1,3,3,3,2
19052,1,3,3,3,3
19054,1,2,3,2,2
19055,1,2,2,2,3
19056,1,2,2,2,2
19057,1,2,2,2,1
19058,1,2,2,2,2
19059,1,2,2,2,3
19060,1,2,2,2,2
19061,1,0,2,3,3
19062,1,2,2,2,3
19063,1,3,3,2,3
19064,1,1,1,1,1
19065,1,2,2,2,2
19068,1,3,3,3,3
19069,1,2,2,3,3
19070,1,0,1,1,1
19071,1,2,2,2,2
19072,1,2,3,2,3
19073,1,2,2,2,3
19076,1,2,2,2,3
19077,1,2,2,3,3
19078,1,2,2,2,2
19079,1,3,3,2,2
19080,1,0,1,2,2
19081,1,0,1,2,2
19082,1,2,1,2,2
19083,1,3,3,3,3
19084,1,2,2,2,1
19085,1,1,1,1,2
19086,1,3,3,3,3
19087,1,3,2,3,2
19089,1,0,2,2,3
19090,1,2,2,2,1
19091,1,2,2,2,2
19092,1,2,2,1,2
19093,1,1,1,2,2
19094,1,2,2,2,3
19095,1,2,2,1,2
19096,1,3,3,2,3
19097,1,0,1,1,2
19098,1,3,3,2,2
19099,1,2,2,2,3
19100,1,3,3,3,3
19101,1,1,1,1,2
19102,1,3,3,1,2
19103,1,3,3,2,2
19104,1,3,3,3,3
19105,1,2,2,2,3
19106,1,3,3,3,3
19107,1,1,2,2,2
19108,1,2,3,2,2
19109,1,2,2,2,3
19110,1,2,2,2,2
19111,1,2,2,2,2
19112,1,1,1,2,1
19113,1,2,2,2,3
19114,1,2,3,3,3
19116,1,2,2,2,3
19117,1,2,2,2,2
19118,1,2,3,3,3
19119,1,2,2,2,2
19120,1,2,2,2,3
19122,1,0,0,0,0
19123,1,3,3,2,3
19124,1,2,2,2,2
19125,1,2,2,2,2
19126,1,2,2,2,2
19127,1,1,1,1,1
19129,1,0,1,1,1
19130,1,2,2,1,1
19131,1,1,1,1,1
19132,1,2,1,1,1
19134,1,1,1,1,1
19135,1,1,1,1,1
19136,1,2,2,3,2
19137,1,3,3,2,3
19138,1,1,0,3,3
19139,1,0,1,2,2
19140,1,2,2,2,2
19141,1,2,2,2,2
19143,1,0,1,2,2
19144,1,2,1,2,2
19145,1,3,3,3,3
19146,1,3,3,3,3
19147,1,2,2,2,2
19148,1,1,2,2,2
19149,1,1,1,2,1
19150,1,2,2,3,2
19151,1,1,1,2,1
19152,1,2,2,3,3
19153,1,2,2,2,2
19154,1,2,2,2,2
19155,1,1,1,1,2
19156,1,0,1,1,1
19158,1,2,2,2,2
19159,1,2,2,2,1
19160,1,2,3,2,3
19161,1,2,2,2,2
19162,1,2,2,1,1
19163,1,2,2,2,1
19164,1,2,2,2,2
19165,1,1,1,2,2
19166,1,2,2,2,2
19167,1,3,2,2,3
19168,1,2,2,2,2
19169,1,2,2,2,3
19170,1,2,2,2,2
19171,1,0,1,1,1
19172,1,2,2,3,2
19173,1,2,3,2,1
19174,1,2,2,2,3
19175,1,2,2,2,3
19176,1,2,2,2,2
19177,1,0,1,2,2
19178,1,1,2,2,2
19179,1,2,3,2,3
19180,1,2,2,2,2
19181,1,2,2,2,2
19183,1,1,1,2,2
19184,1,1,1,1,2
19185,1,2,2,2,2
19186,1,2,3,2,3
19187,1,2,2,2,2
19188,1,2,2,2,2
19189,1,1,1,1,1
19190,1,3,3,3,3
19191,1,2,2,2,2
19192,1,3,3,2,3
19193,1,2,2,2,2
19194,1,2,2,2,3
19195,1,3,3,3,3
19196,1,3,3,2,3
19197,1,3,3,3,3
19198,1,2,2,2,3
19199,1,2,2,2,2
19200,1,2,2,2,2
19201,1,3,3,3,3
19202,1,3,3,3,3
19203,1,1,2,2,2
19204,1,1,1,2,2
19205,1,3,3,3,3
19206,1,2,2,2,2
19207,1,2,2,3,3
19208,1,2,2,2,3
19209,1,2,2,2,3
19210,1,3,3,2,3
19211,1,3,3,2,3
19212,1,2,2,2,2
19213,1,0,1,2,2
19214,1,2,2,1,2
19215,1,3,3,2,2
19216,1,0,2,2,3
19217,1,2,2,2,2
19219,1,1,2,1,2
19220,1,2,2,1,1
19221,1,1,1,1,1
19222,1,2,2,2,3
19223,1,2,2,2,2
19224,1,1,2,1,1
19225,1,1,1,2,2
19226,1,2,2,2,2
19227,1,2,3,3,3
19228,1,2,2,2,2
19229,1,3,3,3,3
19230,1,2,2,2,2
19231,1,2,2,1,2
19232,1,2,3,2,2
19233,1,2,2,2,3
19234,1,2,2,2,2
19236,1,2,2,2,2
19237,1,3,3,2,3
19238,1,2,2,2,3
19239,1,2,2,2,2
19240,1,2,2,2,3
19241,1,2,2,2,2
19242,1,2,3,2,2
19243,1,3,3,3,3
19244,1,2,3,2,3
19245,1,2,2,2,2
19246,1,2,2,2,1
19247,1,0,1,2,2
19248,1,2,3,2,2
19249,1,0,2,2,2
19250,1,3,3,2,3
19251,1,2,2,1,2
19253,1,2,2,2,2
19254,1,0,1,1,2
19255,1,2,2,3,2
19256,1,2,2,2,2
19257,1,2,2,2,2
19258,1,2,2,2,3
19259,1,2,2,2,1
19260,1,2,2,2,3
19261,1,3,2,2,3
19262,1,2,2,2,2
19263,1,1,2,2,2
19264,1,1,1,1,2
19265,1,2,1,2,2
19266,1,3,3,3,3
19267,1,3,3,2,1
19268,1,3,2,2,2
19270,1,3,3,3,3
19271,1,3,3,3,3
19272,1,2,2,2,2
19273,1,3,3,2,2
19274,1,2,2,2,3
19275,1,3,3,3,3
19276,1,2,2,2,2
19277,1,2,2,2,3
19278,1,3,3,3,3
19280,1,1,1,1,2
19281,1,2,2,2,3
19282,1,0,1,2,2
19283,1,2,2,2,2
19285,1,2,2,2,2
19286,1,2,2,3,2
19287,1,1,1,2,2
19289,1,3,2,2,3
19290,1,3,3,3,3
19291,1,2,2,1,2
19292,1,2,2,2,2
19293,1,2,2,2,3
19294,1,2,2,2,3
19295,1,0,1,2,2
19296,1,2,2,1,1
19297,1,2,2,3,3
19298,1,2,2,1,1
19300,1,1,2,1,1
19301,1,2,3,2,3
19302,1,0,2,2,3
19303,1,2,2,2,2
19304,1,1,1,2,2
19305,1,2,2,2,3
19306,1,2,2,2,2
19307,1,2,2,2,2
19308,1,2,2,2,2
19310,1,1,1,1,2
19311,1,3,3,2,3
19312,1,3,3,3,3
19313,1,3,3,3,3
19314,1,3,3,2,2
19315,1,0,2,2,3
19316,1,1,1,1,1
19317,1,3,3,2,3
19318,1,2,1,1,2
19319,1,1,1,1,1
19320,1,0,2,1,2
19321,1,2,2,2,2
19322,1,3,3,2,2
19323,1,2,2,1,1
19324,1,2,2,2,2
19326,1,2,2,2,1
19327,1,2,2,2,2
19328,1,1,2,2,1
19329,1,2,2,2,2
19330,1,2,2,2,2
19331,1,2,2,2,2
19332,1,2,2,1,2
19333,1,2,2,2,2
19334,1,2,2,2,2
19335,1,1,1,2,2
19336,1,3,2,2,2
19337,1,1,1,1,0
19338,1,2,2,2,2
19339,1,2,2,2,2
19340,1,2,2,2,1
19341,1,1,1,1,2
19342,1,3,3,3,3
19343,1,3,3,2,3
19344,1,3,3,2,3
19345,1,2,2,2,2
19346,1,2,2,2,2
19348,1,2,1,1,1
19349,1,1,1,1,1
19350,1,2,2,2,2
19351,1,2,2,1,3
19352,1,3,3,3,3
19353,1,1,1,1,1
19354,1,2,1,2,1
19355,1,2,3,2,3
19356,1,2,2,2,2
19357,1,2,2,2,2
19358,1,1,1,1,1
19359,1,2,2,2,3
19360,1,3,3,2,2
19361,1,2,2,2,3
19362,1,2,3,3,3
19363,1,2,2,2,2
19364,1,2,3,2,3
19366,1,2,2,2,2
19368,1,2,2,2,2
19369,1,2,2,2,2
19371,1,0,1,1,1
19372,1,2,2,2,2
19373,1,0,1,1,1
19374,1,2,2,2,2
19375,1,2,2,2,3
19376,1,1,1,1,2
19377,1,1,2,2,2
19378,1,3,3,2,3
19379,1,3,3,3,3
19380,1,2,2,2,2
19381,1,2,2,3,3
19382,1,2,2,2,3
19383,1,3,3,3,2
19384,1,0,1,2,2
19385,1,2,2,2,2
19386,1,3,3,2,2
19387,1,1,1,2,2
19388,1,2,3,2,3
19389,1,2,2,2,2
19390,1,2,2,2,2
19391,1,0,2,2,2
19392,1,2,2,2,2
19393,1,1,1,1,1
19394,1,2,2,2,2
19395,1,3,3,3,3
19396,1,2,2,2,2
19397,1,2,1,2,1
19398,1,1,1,1,1
19400,1,0,1,1,1
19401,1,1,1,2,2
19402,1,2,2,1,2
19403,1,3,3,3,2
19404,1,2,2,2,1
19405,1,2,2,1,1
19406,1,3,3,3,3
19408,1,2,2,2,2
19409,1,2,3,2,3
19410,1,2,2,2,2
19411,1,2,2,1,1
19412,1,3,3,2,3
19413,1,3,3,3,2
19414,1,2,2,3,2
19415,1,0,2,2,2
19416,1,2,2,2,2
19417,1,2,2,2,2
19419,1,3,3,2,2
19420,1,2,2,2,2
19421,1,3,3,3,3
19422,1,3,3,3,3
19423,1,2,3,3,3
19424,1,0,1,1,1
19425,1,2,2,2,1
19427,1,3,2,2,3
19428,1,1,2,1,1
19429,1,2,2,3,3
19430,1,2,1,1,2
19431,1,2,3,2,3
19432,1,2,3,2,3
19433,1,2,2,2,2
19434,1,1,1,1,1
19435,1,2,2,2,3
19436,1,0,1,1,1
19437,1,2,3,1,2
19438,1,2,2,1,1
19439,1,0,1,2,2
19440,1,1,1,1,2
19441,1,3,3,3,3
19442,1,2,2,2,2
19443,1,2,3,2,3
19444,1,1,1,1,2
19445,1,2,2,2,2
19446,1,3,3,3,3
19447,1,2,2,2,3
19448,1,2,2,2,2
19449,1,0,1,2,3
19450,1,1,1,1,1
19451,1,3,3,3,3
19454,1,0,2,2,2
19455,1,1,1,2,2
19456,1,1,1,1,1
19457,1,2,2,2,2
19458,1,1,2,2,2
19459,1,2,2,2,3
19460,1,2,2,2,2
19462,1,2,2,2,2
19463,1,3,3,2,2
19464,1,2,2,2,3
19465,1,1,1,1,1
19466,1,2,1,2,2
19467,1,0,2,2,1
19468,1,2,2,2,3
19469,1,1,2,2,2
19470,1,2,2,2,3
19471,1,3,3,3,3
19472,1,2,2,2,3
19473,1,2,2,2,2
19474,1,3,3,3,3
19475,1,2,2,3,2
19476,1,2,2,2,2
19477,1,2,2,2,2
19478,1,3,3,3,3
19479,1,2,2,1,1
19480,1,2,3,2,1
19481,1,3,3,3,3
19482,1,2,2,2,3
19484,1,2,2,2,1
19485,1,2,2,2,3
19488,1,2,2,2,2
19489,1,2,2,2,2
19490,1,1,1,1,2
19491,1,1,1,1,2
19492,1,0,1,1,1
19493,1,1,1,1,2
19494,1,2,2,1,2
19495,1,2,2,2,3
19496,1,2,2,2,2
19497,1,1,2,1,1
19498,1,2,2,2,2
19499,1,2,2,2,3
19500,1,1,1,1,2
19501,1,3,3,3,3
19502,1,3,3,3,3
19503,1,2,2,2,2
19504,1,2,2,2,2
19505,1,2,2,2,2
19506,1,3,3,3,3
19507,1,2,2,2,3
19508,1,2,2,2,2
19509,1,1,1,2,2
19510,1,1,2,2,1
19511,1,1,1,2,2
19512,1,3,3,3,2
19513,1,2,3,2,2
19514,1,2,2,2,2
19515,1,2,2,2,2
19516,1,3,3,3,3
19517,1,1,1,2,2
19518,1,2,3,3,3
19519,1,2,2,2,2
19520,1,2,2,2,3
19521,1,1,2,2,2
19522,1,3,3,3,3
19523,1,2,3,2,3
19524,1,3,3,3,3
19525,1,2,2,2,3
19526,1,1,2,1,2
19527,1,2,2,2,2
19528,1,2,2,2,1
19529,1,3,3,3,3
19530,1,3,3,3,3
19533,1,1,1,2,2
19534,1,2,3,2,2
19535,1,2,2,2,2
19536,1,2,2,2,2
19537,1,2,2,2,2
19538,1,1,1,2,2
19539,1,2,2,2,2
19540,1,2,1,2,2
19541,1,2,2,2,1
19542,1,2,1,2,2
19543,1,2,2,2,2
19544,1,1,1,1,2
19545,1,2,2,2,2
19546,1,2,2,2,2
19547,1,2,2,2,2
19548,1,2,2,2,3
19549,1,1,1,1,1
19550,1,1,1,1,1
19553,1,3,3,2,2
19554,1,2,2,2,2
19555,1,2,3,2,3
19556,1,3,3,3,2
19557,1,3,3,3,3
19558,1,2,2,1,1
19559,1,2,2,2,3
19561,1,3,3,2,3
19562,1,3,3,3,3
19563,1,2,1,2,2
17834,2,1,2,2,2
17836,2,2,2,2,1
17837,2,2,2,2,2
17838,2,2,2,2,3
17839,2,1,2,1,2
17840,2,3,3,3,3
17841,2,2,2,2,2
17842,2,2,2,2,3
17843,2,1,1,1,1
17844,2,1,1,2,2
17845,2,2,2,2,2
17846,2,2,2,3,3
17847,2,2,2,2,2
17849,2,2,2,2,2
17850,2,2,2,1,2
17851,2,2,2,2,2
17852,2,2,2,2,2
17853,2,2,2,2,2
17854,2,3,3,2,3
17856,2,1,2,2,3
17857,2,2,2,2,3
17858,2,3,3,3,3
17859,2,2,2,2,2
17860,2,2,2,2,2
17861,2,2,2,2,2
17862,2,1,1,1,1
17863,2,0,1,1,1
17864,2,1,1,1,1
17865,2,2,2,2,2
17867,2,2,2,2,2
17868,2,2,1,2,2
17869,2,0,1,2,2
17870,2,1,2,2,2
17871,2,3,3,3,3
17872,2,2,2,2,2
17873,2,1,1,2,3
17874,2,2,2,2,3
17875,2,1,1,1,2
17876,2,3,3,2,3
17878,2,0,2,2,2
17879,2,0,1,1,1
17880,2,2,2,2,2
17881,2,1,1,2,2
17882,2,1,2,1,2
17883,2,3,3,3,3
17884,2,3,3,3,3
17885,2,2,2,1,0
17886,2,1,1,1,2
17887,2,3,3,2,2
17888,2,2,2,2,2
17889,2,0,1,1,2
17890,2,2,2,2,2
17891,2,2,2,2,2
17892,2,2,2,2,2
17893,2,3,3,2,2
17894,2,1,1,2,2
17896,2,1,1,2,2
17897,2,3,2,2,3
17898,2,2,2,2,2
17899,2,3,3,3,3
17900,2,2,2,2,2
17901,2,1,1,1,1
17902,2,2,3,2,2
17903,2,2,1,2,2
17904,2,2,2,2,3
17905,2,1,1,1,1
17906,2,3,3,3,3
17908,2,3,3,3,3
17909,2,3,3,2,3
17910,2,3,3,3,2
17911,2,3,3,2,3
17912,2,2,2,2,2
17913,2,1,2,2,3
17914,2,0,2,2,2
17915,2,2,2,2,1
17916,2,1,1,1,1
17917,2,2,1,1,1
17918,2,2,1,1,2
17919,2,3,3,2,3
17920,2,2,2,2,2
17921,2,1,1,2,1
17922,2,2,2,2,2
17923,2,2,2,2,3
17924,2,3,3,3,3
17926,2,3,3,2,3
17927,2,1,1,1,0
17928,2,1,2,2,1
17930,2,3,3,3,3
17931,2,3,3,3,3
17932,2,3,3,3,3
17933,2,2,2,2,2
17935,2,2,2,1,1
17936,2,1,1,2,2
17937,2,1,1,1,1
17938,2,0,1,1,2
17939,2,3,3,3,3
17940,2,1,1,1,1
17941,2,2,2,2,2
17942,2,2,3,3,3
17943,2,2,2,1,1
17944,2,3,3,2,2
17945,2,0,2,3,3
17946,2,2,2,2,2
17947,2,3,3,2,3
17949,2,0,1,1,1
17950,2,1,1,1,2
17951,2,1,1,1,1
17952,2,2,3,3,3
17953,2,2,2,2,2
17954,2,1,1,1,1
17955,2,1,1,3,3
17957,2,0,1,2,2
17959,2,0,1,1,1
17961,2,2,2,2,3
17962,2,0,2,2,3
17963,2,3,3,3,2
17964,2,3,3,3,3
17965,2,1,1,2,2
17966,2,2,3,2,3
17967,2,1,1,1,1
17968,2,2,2,2,3
17969,2,2,2,2,2
17970,2,0,1,2,2
17971,2,2,2,3,2
17973,2,2,2,2,2
17974,2,2,2,2,3
17975,2,2,2,2,2
17976,2,0,1,1,2
17977,2,2,2,2,2
17978,2,1,1,2,1
17979,2,2,2,2,1
17980,2,3,3,3,3
17981,2,1,1,1,2
17982,2,1,1,1,1
17983,2,3,3,2,2
17984,2,2,2,2,3
17985,2,2,2,2,3
17986,2,2,2,2,3
17987,2,2,2,2,2
17988,2,1,2,2,2
17989,2,2,1,2,1
17990,2,0,1,2,3
17991,2,3,3,3,3
17992,2,0,1,1,2
17993,2,2,2,2,2
17996,2,1,1,1,1
17997,2,2,3,2,3
17998,2,2,2,2,2
18000,2,3,3,3,3
18001,2,1,1,1,1
18002,2,2,2,2,1
18004,2,2,2,2,2
18005,2,2,3,2,2
18006,2,2,2,2,2
18008,2,2,2,1,2
18011,2,0,1,1,1
18012,2,2,1,2,3
18013,2,2,2,1,2
18014,2,2,2,2,2
18015,2,2,2,2,1
18016,2,3,3,3,3
18017,2,2,2,2,3
18018,2,1,2,2,2
18019,2,2,2,2,2
18020,2,2,2,1,1
18021,2,2,2,2,2
18022,2,2,3,2,3
18023,2,2,2,2,2
18025,2,2,2,3,3
18026,2,3,3,2,3
18028,2,3,3,3,3
18029,2,2,2,2,2
18030,2,3,3,2,3
18031,2,0,1,2,2
18032,2,2,2,2,2
18033,2,1,2,2,2
18034,2,3,3,3,3
18035,2,2,3,2,2
18036,2,1,1,1,1
18037,2,2,2,1,1
18038,2,2,3,2,2
18039,2,2,2,2,2
18040,2,1,1,1,1
18041,2,2,2,2,3
18042,2,2,2,2,2
18043,2,1,1,1,1
18044,2,2,2,2,2
18045,2,2,2,2,2
18046,2,1,1,1,1
18047,2,3,3,2,2
18048,2,2,1,2,2
18049,2,2,2,2,2
18050,2,1,1,1,1
18051,2,2,2,2,2
18052,2,2,2,2,2
18053,2,3,3,3,3
18054,2,1,1,1,1
18055,2,2,2,2,2
18056,2,3,2,3,2
18057,2,2,2,1,1
18058,2,2,2,2,3
18060,2,1,1,1,1
18061,2,2,2,2,1
18062,2,2,2,2,2
18064,2,2,2,2,2
18065,2,2,2,1,1
18066,2,3,3,3,3
18067,2,1,2,2,2
18068,2,3,3,3,3
18070,2,2,3,3,3
18071,2,2,2,2,2
18072,2,2,2,2,2
18073,2,2,2,2,2
18074,2,2,3,3,2
18075,2,2,2,2,2
18076,2,2,2,2,1
18077,2,2,2,2,2
18078,2,2,2,2,2
18079,2,3,3,2,2
18080,2,0,1,1,1
18081,2,3,3,3,3
18082,2,2,2,2,1
18083,2,1,1,1,2
18084,2,2,2,2,2
18086,2,1,2,2,2
18087,2,2,3,2,3
18088,2,0,1,1,1
18089,2,2,3,2,3
18090,2,2,2,1,1
18091,2,1,1,1,1
18092,2,1,2,2,2
18093,2,2,2,1,1
18094,2,2,2,2,2
18095,2,0,3,3,3
18096,2,2,2,2,2
18097,2,2,2,2,2
18098,2,3,3,3,2
18099,2,2,2,2,3
18100,2,2,3,2,3
18102,2,1,2,2,3
18103,2,1,1,2,1
18105,2,2,3,2,2
18106,2,2,2,2,2
18107,2,0,1,2,2
18108,2,1,2,1,2
18109,2,1,1,1,1
18110,2,3,3,3,3
18112,2,2,2,2,3
18114,2,2,2,2,2
18115,2,2,1,2,2
18116,2,3,3,3,2
18117,2,3,3,2,3
18118,2,1,1,1,1
18119,2,2,2,2,2
18120,2,2,2,2,2
18121,2,2,1,2,3
18123,2,0,2,2,2
18124,2,2,1,2,2
18126,2,1,0,0,1
18127,2,3,3,2,2
18128,2,2,2,2,3
18129,2,2,2,1,1
18130,2,2,3,2,2
18131,2,2,2,2,2
18132,2,2,2,3,3
18133,2,1,1,1,2
18134,2,0,1,2,2
18135,2,2,2,2,2
18136,2,1,2,2,2
18137,2,2,2,2,2
18138,2,1,1,1,2
18140,2,2,2,2,3
18141,2,2,2,2,2
18142,2,3,3,3,3
18143,2,0,2,2,2
18144,2,2,2,2,2
18146,2,3,3,3,3
18147,2,2,2,2,2
18148,2,2,2,2,2
18149,2,1,2,1,2
18150,2,2,2,2,2
18151,2,2,2,2,3
18152,2,0,1,1,1
18153,2,3,3,3,3
18154,2,1,2,1,1
18156,2,2,2,3,2
18159,2,3,2,2,2
18160,2,3,3,3,2
18161,2,0,0,1,1
18162,2,3,3,2,3
18163,2,2,2,2,2
18164,2,2,2,2,2
18165,2,2,2,3,2
18166,2,2,3,2,2
18167,2,0,1,2,2
18168,2,2,2,2,3
18169,2,1,2,1,1
18170,2,2,2,2,2
18171,2,2,2,2,3
18172,2,3,3,3,3
18173,2,2,2,2,2
18174,2,3,3,3,2
18175,2,3,3,3,3
18177,2,2,2,2,2
18178,2,3,3,2,3
18179,2,0,1,1,0
18180,2,2,2,2,2
18181,2,2,2,2,2
18182,2,2,2,3,2
18183,2,2,2,2,2
18184,2,0,1,1,1
18185,2,2,1,2,1
18186,2,2,2,2,2
18187,2,2,2,2,3
18189,2,3,3,2,3
18190,2,2,2,2,2
18191,2,2,2,2,2
18192,2,3,3,3,3
18193,2,2,3,2,2
18194,2,1,1,2,2
18195,2,1,1,1,1
18196,2,1,1,2,1
18197,2,2,2,2,2
18198,2,3,3,2,3
18200,2,2,2,2,2
18201,2,3,3,3,3
18202,2,3,3,3,3
18203,2,1,1,1,1
18205,2,2,2,2,2
18206,2,2,2,2,2
18207,2,2,1,2,1
18208,2,2,2,2,3
18209,2,2,2,2,2
18210,2,2,2,2,2
18211,2,2,2,2,2
18212,2,1,2,3,3
18213,2,3,3,2,3
18215,2,0,1,1,2
18217,2,2,2,2,2
18218,2,2,2,2,2
18219,2,1,1,2,1
18220,2,3,3,2,3
18221,2,0,1,1,2
18222,2,3,3,3,3
18223,2,2,2,3,3
18225,2,2,2,2,1
18226,2,2,3,2,3
18227,2,2,2,2,2
18228,2,0,1,1,3
18229,2,3,3,3,3
18230,2,2,3,2,2
18231,2,3,3,3,3
18232,2,3,3,3,3
18233,2,0,1,2,2
18234,2,3,3,3,3
18235,2,2,2,2,2
18236,2,3,3,3,2
18237,2,2,1,2,2
18238,2,2,2,2,2
18239,2,1,1,1,1
18240,2,2,2,2,2
18241,2,3,3,3,3
18242,2,2,2,1,2
18243,2,3,3,3,3
18244,2,2,2,1,1
18245,2,0,1,2,2
18246,2,2,2,2,2
18247,2,2,2,1,1
18248,2,0,1,2,3
18249,2,1,1,2,3
18250,2,3,3,2,3
18251,2,1,1,2,2
18252,2,2,2,2,2
18253,2,0,1,1,2
18254,2,2,3,2,3
18255,2,3,3,2,3
18256,2,3,3,2,3
18257,2,3,3,3,3
18258,2,1,2,1,1
18259,2,1,1,1,1
18260,2,0,2,2,3
18261,2,3,2,3,2
18262,2,2,1,2,1
18263,2,2,2,1,1
18264,2,2,2,2,2
18265,2,2,2,2,1
18266,2,3,2,2,2
18267,2,0,1,2,2
18268,2,0,1,2,1
18269,2,1,2,1,1
18271,2,3,3,3,3
18272,2,1,1,1,2
18273,2,2,2,2,3
18275,2,3,2,2,2
18276,2,2,2,2,3
18277,2,3,1,2,3
18278,2,0,2,2,2
18279,2,3,3,2,3
18280,2,2,2,2,2
18281,2,3,3,3,3
18282,2,2,3,2,3
18283,2,3,3,3,3
18284,2,0,1,2,3
18285,2,2,2,2,2
18286,2,2,2,2,2
18287,2,2,2,3,2
18288,2,2,2,1,1
18289,2,2,2,2,2
18290,2,2,2,1,1
18291,2,3,3,2,3
18292,2,2,2,2,2
18293,2,1,1,2,2
18294,2,0,2,2,3
18295,2,2,2,2,2
18296,2,1,1,1,1
18297,2,2,2,3,2
18298,2,2,2,2,2
18300,2,2,1,2,2
18301,2,2,2,2,2
18302,2,2,2,2,2
18303,2,3,3,2,2
18304,2,0,2,2,2
18305,2,2,2,2,2
18306,2,1,1,1,2
18307,2,2,2,2,3
18308,2,1,1,2,2
18309,2,2,2,2,2
18310,2,0,1,1,1
18311,2,3,3,3,3
18312,2,3,3,3,3
18314,2,3,3,3,3
18317,2,2,2,2,2
18318,2,2,2,2,2
18319,2,3,3,3,3
18320,2,0,2,2,2
18321,2,0,1,2,3
18322,2,2,2,2,3
18324,2,3,3,3,3
18325,2,1,1,1,2
18326,2,0,1,2,2
18327,2,2,2,2,2
18329,2,2,2,2,3
18330,2,1,1,1,1
18331,2,1,1,1,1
18332,2,2,3,2,3
18333,2,2,2,1,1
18334,2,2,2,2,2
18335,2,2,2,2,2
18336,2,2,1,2,2
18337,2,3,3,2,2
18338,2,2,3,3,3
18339,2,3,3,3,3
18340,2,1,1,2,2
18341,2,2,3,3,3
18342,2,2,2,2,2
18343,2,1,1,2,2
18344,2,2,2,2,2
18345,2,3,3,2,2
18346,2,2,2,2,3
18347,2,2,2,2,2
18348,2,0,0,0,1
18349,2,2,3,2,2
18350,2,2,2,2,2
18352,2,2,2,2,3
18353,2,3,3,2,2
18354,2,1,1,2,2
18355,2,0,1,1,1
18356,2,2,2,2,2
18357,2,2,2,2,2
18358,2,2,2,2,2
18361,2,0,1,2,2
18362,2,3,3,3,3
18363,2,3,3,3,3
18364,2,2,2,1,1
18365,2,1,1,1,1
18366,2,2,2,2,2
18367,2,2,2,2,2
18368,2,2,2,2,2
18369,2,3,3,3,3
18370,2,1,1,1,1
18371,2,2,2,2,2
18373,2,1,2,1,2
18374,2,1,1,1,1
18375,2,1,1,1,1
18376,2,1,1,1,2
18377,2,3,3,3,3
18378,2,3,3,2,2
18379,2,0,2,1,1
18380,2,2,2,2,3
18381,2,1,1,3,3
18383,2,1,1,2,2
18384,2,2,2,2,2
18386,2,3,3,2,3
18387,2,3,2,2,2
18388,2,3,3,3,3
18389,2,2,2,2,3
18390,2,2,2,2,2
18391,2,3,2,2,2
18392,2,2,2,2,2
18393,2,2,2,3,3
18394,2,2,2,2,2
18395,2,3,3,3,3
18396,2,2,2,2,2
18398,2,3,2,2,2
18399,2,3,3,3,3
18401,2,2,2,2,2
18402,2,0,1,2,2
18403,2,1,1,2,2
18404,2,2,2,2,2
18405,2,1,1,2,2
18406,2,2,2,2,2
18407,2,3,3,2,3
18408,2,3,3,3,3
18409,2,1,1,2,2
18411,2,1,1,1,2
18412,2,2,2,2,2
18413,2,3,3,2,1
18414,2,0,1,1,1
18415,2,2,2,2,1
18416,2,2,2,2,2
18417,2,1,1,1,1
18418,2,2,2,2,3
18419,2,2,3,3,3
18421,2,1,1,2,2
18422,2,3,3,3,3
18423,2,2,2,2,2
18424,2,2,2,3,3
18426,2,1,1,1,2
18427,2,2,2,2,2
18428,2,2,2,2,2
18429,2,1,1,3,3
18430,2,2,2,2,3
18432,2,2,2,1,1
18433,2,2,2,2,2
18434,2,2,2,3,3
18435,2,2,3,2,3
18436,2,1,1,1,1
18438,2,3,3,3,3
18441,2,0,1,1,1
18442,2,3,3,2,3
18444,2,1,1,1,1
18445,2,0,1,1,2
18446,2,1,1,1,1
18448,2,2,2,3,3
18449,2,2,2,2,2
18450,2,2,3,2,3
18451,2,1,1,2,2
18453,2,2,2,2,2
18454,2,3,3,3,3
18455,2,1,1,0,1
18456,2,0,1,2,2
18458,2,3,3,3,3
18459,2,2,2,2,2
18460,2,2,1,2,1
18461,2,2,1,1,2
18463,2,1,1,1,0
18464,2,2,2,2,2
18465,2,2,2,2,2
18466,2,2,2,1,2
18467,2,3,3,3,3
18468,2,1,1,2,2
18471,2,3,3,2,3
18472,2,2,2,2,2
18473,2,3,3,3,3
18474,2,3,3,3,3
18475,2,2,3,2,2
18476,2,3,3,3,3
18477,2,3,3,2,3
18478,2,2,2,2,2
18479,2,3,3,3,3
18480,2,2,2,2,3
18481,2,1,1,1,2
18482,2,3,3,3,3
18484,2,1,1,2,2
18485,2,1,1,2,2
18488,2,1,1,1,1
18489,2,2,2,3,2
18490,2,1,2,1,2
18491,2,2,2,2,2
18492,2,2,2,2,3
18494,2,2,2,2,2
18495,2,2,2,2,2
18496,2,0,1,1,1
18497,2,2,1,1,2
18498,2,2,2,2,2
18499,2,3,3,3,3
18500,2,2,2,1,3
18501,2,1,1,1,1
18502,2,2,2,2,3
18503,2,2,2,2,2
18504,2,0,0,1,1
18505,2,2,2,2,2
18506,2,2,2,2,1
18507,2,3,3,3,3
18508,2,2,2,2,3
18509,2,0,2,2,2
18510,2,2,2,2,2
18511,2,0,1,1,1
18512,2,2,2,2,2
18513,2,2,3,2,2
18514,2,2,2,2,2
18515,2,3,3,3,3
18516,2,2,2,2,1
18517,2,1,1,2,2
18518,2,1,2,1,2
18519,2,2,2,2,2
18520,2,3,3,2,2
18521,2,2,2,2,2
18522,2,1,1,1,1
18523,2,3,3,3,3
18524,2,2,2,2,2
18525,2,3,3,2,3
18526,2,3,3,1,1
18527,2,2,2,1,2
18528,2,3,3,3,3
18529,2,0,1,1,2
18530,2,2,2,2,2
18531,2,1,1,1,1
18533,2,1,1,1,1
18534,2,2,2,2,2
18535,2,1,1,1,1
18536,2,3,3,3,3
18537,2,1,1,1,1
18538,2,3,3,3,3
18539,2,1,1,1,2
18540,2,2,2,2,2
18541,2,3,3,3,3
18542,2,3,3,3,3
18544,2,2,2,2,2
18545,2,1,1,2,2
18546,2,2,2,2,2
18547,2,0,1,2,2
18548,2,0,2,2,2
18549,2,2,3,2,3
18550,2,1,1,2,2
18551,2,0,1,2,2
18552,2,0,1,2,2
18553,2,1,1,1,2
18554,2,2,2,2,2
18556,2,3,3,2,2
18557,2,2,2,2,3
18558,2,3,3,3,2
18559,2,3,2,2,3
18560,2,3,3,2,3
18561,2,2,2,2,2
18562,2,2,3,3,3
18563,2,2,2,2,2
18564,2,2,2,2,2
18565,2,0,2,2,2
18566,2,3,3,3,3
18567,2,3,3,3,3
18569,2,3,3,3,3
18570,2,3,3,3,3
18571,2,1,1,2,2
18572,2,1,1,1,2
18573,2,3,3,3,3
18574,2,2,2,1,1
18575,2,2,2,2,2
18576,2,2,2,2,2
18577,2,2,2,2,2
18578,2,2,2,2,2
18579,2,3,3,2,2
18580,2,3,3,3,3
18581,2,2,2,3,3
18582,2,2,3,3,3
18583,2,2,2,2,2
18584,2,3,3,3,3
18586,2,0,1,3,2
18587,2,2,2,2,2
18588,2,3,3,3,3
18590,2,1,1,2,3
18591,2,3,3,3,3
18592,2,1,1,1,1
18593,2,3,2,3,2
18594,2,2,2,2,2
18595,2,2,1,1,2
18596,2,3,3,3,3
18597,2,2,2,2,3
18598,2,2,2,2,3
18599,2,2,2,3,3
18600,2,3,3,3,3
18601,2,2,3,2,2
18602,2,2,2,2,2
18603,2,2,2,2,2
18604,2,3,3,3,3
18605,2,3,3,3,3
18606,2,2,2,1,2
18607,2,2,2,2,3
18608,2,2,1,2,1
18609,2,0,1,2,2
18610,2,1,1,1,1
18611,2,1,2,2,2
18612,2,1,2,2,2
18613,2,2,2,2,2
18614,2,2,2,2,2
18615,2,2,2,2,3
18616,2,3,3,3,3
18617,2,3,3,2,3
18618,2,2,2,3,3
18619,2,2,3,2,3
18620,2,2,2,2,2
18621,2,1,1,2,2
18622,2,1,2,2,2
18624,2,2,2,2,2
18626,2,0,2,2,3
18627,2,2,2,2,2
18628,2,3,3,2,3
18629,2,1,2,2,3
18630,2,2,2,2,2
18631,2,3,3,3,3
18632,2,2,2,2,2
18633,2,1,1,2,2
18634,2,1,1,1,1
18635,2,2,2,2,2
18636,2,3,3,3,3
18637,2,3,3,2,3
18638,2,2,2,2,2
18639,2,2,2,2,2
18640,2,2,2,2,2
18641,2,2,2,2,3
18642,2,2,2,2,2
18643,2,2,2,2,2
18644,2,2,2,2,2
18645,2,1,1,1,2
18646,2,2,2,2,2
18647,2,2,2,2,2
18648,2,2,2,2,2
18649,2,2,3,2,3
18650,2,3,3,3,3
18651,2,2,2,2,3
18652,2,3,3,3,3
18653,2,3,3,2,3
18654,2,2,2,2,2
18655,2,3,3,2,2
18656,2,3,3,3,3
18657,2,3,3,3,3
18658,2,1,1,1,1
18659,2,2,2,2,2
18660,2,2,2,2,2
18661,2,2,2,2,2
18662,2,2,2,2,3
18663,2,2,2,2,2
18664,2,2,2,3,2
18666,2,2,2,2,2
18667,2,2,3,3,3
18668,2,3,3,2,3
18669,2,2,2,2,2
18670,2,2,2,2,2
18671,2,3,3,3,3
18672,2,2,2,2,2
18674,2,2,2,2,3
18675,2,2,2,1,1
18676,2,3,3,3,3
18677,2,2,3,2,2
18678,2,1,1,2,2
18680,2,0,1,2,2
18681,2,3,3,3,3
18682,2,3,3,3,2
18683,2,1,1,2,3
18684,2,2,3,2,2
18685,2,2,2,2,2
18686,2,2,2,2,3
18688,2,1,1,1,1
18689,2,0,1,1,2
18690,2,0,1,1,3
18691,2,3,3,3,3
18693,2,1,1,2,2
18694,2,3,3,3,3
18695,2,2,2,2,3
18696,2,2,2,2,3
18697,2,3,3,3,3
18698,2,1,1,2,3
18700,2,1,2,2,2
18701,2,3,3,3,3
18702,2,3,3,3,2
18703,2,2,2,2,2
18704,2,2,2,2,2
18705,2,2,3,2,2
18706,2,1,1,1,1
18707,2,3,3,3,3
18708,2,2,2,2,3
18709,2,3,2,2,3
18710,2,1,1,1,2
18711,2,1,1,1,1
18712,2,2,2,1,1
18713,2,0,1,1,2
18714,2,2,2,2,2
18715,2,2,3,3,3
18716,2,3,3,2,2
18717,2,1,1,1,2
18718,2,1,1,0,1
18719,2,1,1,1,1
18720,2,0,1,2,2
18721,2,2,1,2,3
18722,2,3,3,3,3
18723,2,2,2,2,2
18724,2,3,3,3,3
18725,2,3,3,2,3
18726,2,2,2,2,2
18727,2,0,2,1,1
18729,2,2,2,2,2
18730,2,2,2,3,2
18731,2,1,1,2,2
18732,2,1,1,2,3
18733,2,2,3,3,3
18734,2,1,1,1,1
18736,2,2,2,2,2
18737,2,2,2,2,1
18738,2,2,2,2,2
18739,2,0,2,1,1
18740,2,2,3,3,3
18741,2,3,3,3,3
18742,2,1,1,2,2
18743,2,1,1,1,2
18744,2,1,1,1,1
18745,2,2,2,2,3
18747,2,0,1,1,2
18748,2,1,2,3,3
18749,2,2,2,2,2
18750,2,1,1,1,1
18751,2,3,3,3,3
18752,2,1,1,2,2
18753,2,0,1,2,2
18754,2,3,3,3,3
18756,2,2,2,3,3
18757,2,2,3,2,2
18758,2,2,2,2,2
18759,2,3,3,3,3
18760,2,2,2,2,2
18761,2,2,2,2,2
18762,2,2,3,2,2
18763,2,2,2,2,2
18764,2,2,1,1,2
18765,2,2,3,2,3
18766,2,0,1,1,2
18767,2,2,2,2,1
18768,2,2,2,1,1
18769,2,0,2,2,2
18770,2,2,3,2,3
18771,2,2,2,2,3
18772,2,2,2,2,2
18773,2,2,2,2,2
18774,2,2,2,2,2
18775,2,3,3,3,3
18776,2,3,3,3,3
18777,2,2,2,1,1
18778,2,3,3,3,3
18779,2,2,2,2,2
18780,2,2,2,2,2
18781,2,1,2,2,2
18782,2,2,2,2,2
18783,2,2,1,1,1
18784,2,2,2,2,2
18785,2,1,1,1,1
18786,2,3,3,3,3
18787,2,2,3,3,1
18788,2,3,3,3,3
18789,2,2,2,2,3
18790,2,2,2,2,3
18791,2,3,3,3,3
18792,2,2,2,2,2
18793,2,3,3,3,3
18794,2,1,1,1,1
18795,2,0,1,2,2
18796,2,2,3,2,2
18797,2,1,1,1,2
18798,2,2,2,2,3
18799,2,3,2,2,2
18800,2,2,2,2,2
18801,2,2,2,2,3
18802,2,1,1,2,1
18803,2,2,2,2,2
18804,2,0,1,1,2
18805,2,2,3,3,3
18806,2,3,3,3,3
18807,2,1,1,1,1
18808,2,0,2,2,3
18809,2,3,3,3,3
18810,2,3,3,2,3
18811,2,2,3,2,2
18812,2,2,2,1,1
18813,2,1,1,2,2
18814,2,3,3,2,3
18815,2,2,2,2,2
18816,2,2,2,2,2
18817,2,3,3,3,3
18818,2,3,3,3,3
18819,2,2,2,2,2
18820,2,3,3,3,2
18821,2,3,3,3,3
18822,2,1,1,1,1
18823,2,2,2,1,2
18824,2,1,2,1,2
18825,2,2,3,3,3
18826,2,3,3,3,3
18827,2,2,2,2,2
18829,2,2,2,2,2
18830,2,2,2,2,2
18831,2,3,3,2,2
18832,2,3,3,3,3
18833,2,2,2,2,2
18834,2,2,3,2,2
18835,2,3,2,2,3
18836,2,2,1,2,3
18837,2,2,2,2,2
18839,2,2,2,3,3
18840,2,2,2,2,1
18841,2,2,2,2,2
18842,2,3,3,3,3
18843,2,2,2,2,2
18844,2,2,2,1,1
18845,2,2,2,2,2
18847,2,2,2,2,2
18848,2,3,3,3,3
18849,2,3,3,2,2
18851,2,3,2,2,2
18852,2,1,1,1,1
18853,2,3,3,3,3
18854,2,3,3,2,2
18855,2,1,1,2,2
18856,2,2,1,2,2
18857,2,3,3,3,3
18858,2,1,1,1,1
18859,2,0,1,1,1
18860,2,2,3,3,3
18861,2,2,2,2,3
18862,2,1,2,2,2
18863,2,2,2,2,2
18864,2,2,2,3,2
18865,2,2,2,2,2
18868,2,3,3,3,3
18870,2,1,2,2,2
18871,2,2,2,2,2
18872,2,2,2,2,2
18873,2,2,2,2,1
18874,2,2,2,2,2
18875,2,2,3,2,2
18876,2,0,1,1,1
18877,2,3,3,2,2
18878,2,2,2,2,2
18879,2,0,2,3,3
18880,2,2,3,2,3
18881,2,2,3,2,2
18882,2,2,2,1,1
18883,2,1,1,2,2
18884,2,2,3,2,1
18885,2,0,1,1,2
18886,2,2,2,2,2
18887,2,2,2,2,3
18888,2,2,2,2,2
18889,2,3,3,3,3
18890,2,3,2,2,3
18891,2,0,1,1,2
18892,2,0,3,3,3
18894,2,1,1,1,2
18895,2,0,2,2,3
18896,2,2,2,1,2
18897,2,3,3,3,3
18898,2,2,2,2,3
18899,2,1,2,2,2
18900,2,2,2,2,2
18901,2,2,2,2,3
18902,2,1,1,1,1
18903,2,2,2,1,1
18904,2,0,2,2,2
18905,2,1,1,2,2
18906,2,1,1,2,2
18907,2,3,3,2,3
18908,2,3,3,2,2
18909,2,2,2,2,3
18910,2,3,3,3,3
18911,2,1,1,1,1
18912,2,3,3,3,3
18913,2,0,1,2,2
18914,2,2,2,2,2
18915,2,3,3,2,3
18916,2,1,1,2,1
18917,2,3,3,2,3
18919,2,1,2,2,2
18920,2,1,1,1,2
18921,2,2,2,2,2
18922,2,2,1,2,2
18923,2,2,2,2,2
18924,2,0,1,2,1
18925,2,2,2,2,2
18926,2,3,3,2,2
18927,2,2,2,1,1
18928,2,3,3,2,3
18929,2,1,1,1,2
18930,2,1,1,1,2
18931,2,0,1,2,3
18932,2,2,2,2,2
18933,2,2,2,2,2
18934,2,0,2,2,2
18935,2,1,2,2,2
18936,2,2,1,2,2
18937,2,1,1,1,1
18938,2,2,2,2,2
18939,2,0,1,2,2
18940,2,2,2,2,3
18941,2,2,3,3,3
18942,2,2,3,2,3
18943,2,3,3,3,3
18944,2,2,2,2,2
18945,2,3,3,3,3
18946,2,3,3,3,3
18947,2,2,3,3,3
18949,2,2,2,2,2
18950,2,2,2,2,2
18951,2,3,2,2,2
18952,2,2,2,1,1
18954,2,3,3,3,3
18955,2,3,2,2,1
18956,2,1,1,1,1
18957,2,2,2,2,3
18958,2,0,0,0,1
18959,2,3,3,3,3
18960,2,3,3,3,3
18961,2,1,1,2,1
18962,2,3,3,2,3
18963,2,3,3,3,2
18964,2,2,3,3,3
18965,2,1,1,1,1
18967,2,2,1,2,3
18968,2,2,2,2,2
18969,2,3,3,3,2
18970,2,1,1,2,2
18971,2,0,2,2,3
18972,2,2,2,2,3
18973,2,1,1,2,2
18974,2,3,3,3,3
18976,2,1,1,2,2
18977,2,2,2,2,3
18978,2,3,3,3,3
18979,2,3,3,2,2
18980,2,0,1,1,1
18981,2,1,1,2,1
18982,2,3,3,3,2
18983,2,3,3,3,3
18984,2,0,1,1,2
18985,2,2,2,2,3
18986,2,2,2,2,3
18987,2,2,2,2,2
18988,2,2,2,2,2
18989,2,3,3,2,3
18990,2,2,2,2,3
18991,2,2,2,2,2
18993,2,1,2,2,2
18994,2,1,1,1,1
18995,2,2,2,2,2
18996,2,1,1,1,2
18997,2,0,1,1,1
18998,2,2,2,1,1
18999,2,2,1,2,2
19000,2,2,3,2,3
19001,2,2,2,2,2
19002,2,2,2,2,2
19003,2,3,3,3,3
19004,2,0,2,2,2
19005,2,0,1,2,3
19006,2,2,2,2,3
19007,2,2,2,2,2
19008,2,1,1,2,2
19009,2,2,2,2,2
19010,2,0,0,0,0
19011,2,1,1,2,2
19012,2,2,3,3,3
19013,2,1,2,2,2
19015,2,2,2,2,3
19017,2,2,2,1,2
19018,2,0,2,2,3
19020,2,2,2,2,2
19022,2,2,2,2,2
19023,2,2,2,2,2
19024,2,2,2,2,2
19025,2,2,2,2,2
19026,2,3,3,3,3
19027,2,0,1,2,2
19028,2,1,2,2,2
19029,2,3,3,3,3
19030,2,3,3,3,2
19031,2,3,3,3,2
19032,2,2,2,2,2
19033,2,0,1,1,2
19034,2,2,3,2,3
19035,2,2,2,2,2
19036,2,2,1,2,1
19037,2,2,2,2,2
19038,2,0,2,2,2
19039,2,2,2,2,3
19041,2,2,2,2,2
19042,2,1,1,1,1
19044,2,0,1,1,1
19046,2,2,2,2,2
19047,2,0,1,2,2
19048,2,1,1,1,1
19049,2,2,3,2,3
19050,2,3,3,2,3
19051,2,2,2,2,2
19052,2,3,3,3,3
19054,2,3,3,3,3
19055,2,1,2,2,2
19056,2,2,2,2,2
19057,2,2,2,2,2
19058,2,2,2,2,2
19059,2,3,3,3,3
19060,2,3,3,3,3
19061,2,0,2,2,3
19062,2,1,1,2,2
19063,2,2,2,2,3
19064,2,0,1,1,1
19065,2,2,2,2,3
19068,2,3,3,3,3
19069,2,2,2,2,2
19070,2,0,1,2,2
19071,2,2,2,2,2
19072,2,3,3,3,3
19073,2,2,2,2,3
19076,2,2,2,2,2
19077,2,2,2,2,2
19078,2,2,2,2,3
19079,2,2,2,1,2
19080,2,0,1,2,2
19081,2,0,1,1,2
19082,2,0,2,1,2
19083,2,2,2,2,2
19084,2,2,2,2,2
19085,2,0,1,2,2
19086,2,3,3,3,3
19087,2,2,2,2,3
19089,2,0,1,2,2
19090,2,3,3,2,2
19091,2,1,1,1,2
19092,2,2,2,2,2
19093,2,1,1,2,2
19094,2,2,2,2,2
19095,2,2,2,2,2
19096,2,2,2,2,3
19097,2,1,1,1,1
19098,2,3,3,3,1
19099,2,3,3,2,3
19100,2,2,2,2,3
19101,2,1,2,1,2
19102,2,2,2,2,2
19103,2,3,3,2,3
19104,2,2,2,2,3
19105,2,2,2,2,2
19106,2,3,3,3,3
19107,2,1,1,1,2
19108,2,2,2,2,2
19109,2,2,3,2,3
19110,2,2,2,2,1
19111,2,1,2,2,1
19112,2,1,1,2,2
19113,2,3,3,3,3
19114,2,2,2,2,3
19116,2,2,2,2,2
19117,2,2,2,2,2
19118,2,2,2,2,3
19119,2,1,2,1,2
19120,2,1,2,2,2
19122,2,1,1,1,2
19123,2,3,3,3,3
19124,2,2,2,2,3
19125,2,2,2,2,3
19126,2,2,2,2,2
19127,2,2,2,2,2
19129,2,1,1,1,2
19130,2,2,2,2,1
19131,2,1,1,1,1
19132,2,2,2,2,2
19134,2,2,1,2,2
19135,2,1,1,1,2
19136,2,2,3,3,2
19137,2,3,3,2,3
19138,2,1,1,2,2
19139,2,0,1,2,3
19140,2,3,3,3,3
19141,2,2,3,2,3
19143,2,0,2,3,2
19144,2,2,2,2,2
19145,2,3,3,3,3
19146,2,3,3,3,3
19147,2,2,2,1,2
19148,2,2,2,2,2
19149,2,1,1,1,1
19150,2,2,2,2,2
19151,2,1,2,2,2
19152,2,2,2,2,2
19153,2,1,1,2,2
19154,2,2,2,2,2
19155,2,2,2,1,2
19156,2,0,1,2,2
19158,2,3,3,2,2
19159,2,3,2,2,2
19160,2,2,2,2,3
19161,2,3,3,3,2
19162,2,2,2,1,1
19163,2,2,2,2,1
19164,2,2,2,2,3
19165,2,2,2,2,2
19166,2,2,2,2,2
19167,2,2,2,2,2
19168,2,2,2,2,2
19169,2,2,3,2,3
19170,2,3,3,3,3
19171,2,0,1,1,1
19172,2,1,2,2,2
19173,2,3,3,2,2
19174,2,3,3,3,3
19175,2,2,2,2,2
19176,2,2,2,2,3
19177,2,0,1,2,3
19178,2,1,1,1,1
19179,2,3,3,2,3
19180,2,2,2,1,1
19181,2,0,2,2,2
19183,2,0,2,2,2
19184,2,0,1,1,2
19185,2,2,2,2,2
19186,2,3,3,3,2
19187,2,3,2,3,3
19188,2,2,2,2,2
19189,2,1,1,2,2
19190,2,2,2,2,2
19191,2,1,2,1,2
19192,2,3,3,3,3
19193,2,2,2,2,3
19194,2,2,2,2,1
19195,2,3,3,3,3
19196,2,2,2,2,2
19197,2,3,3,3,3
19198,2,3,3,3,3
19199,2,2,2,2,3
19200,2,3,3,2,3
19201,2,3,3,3,3
19202,2,3,3,3,3
19203,2,1,2,2,2
19204,2,3,2,2,2
19205,2,3,3,3,3
19206,2,2,2,2,2
19207,2,3,3,3,3
19208,2,3,2,2,3
19209,2,2,2,2,2
19210,2,3,3,3,3
19211,2,2,2,2,2
19212,2,2,1,3,3
19213,2,0,2,2,3
19214,2,2,2,2,2
19215,2,3,3,3,3
19216,2,0,2,2,3
19217,2,2,2,2,2
19219,2,1,1,1,2
19220,2,1,1,1,1
19221,2,1,1,1,1
19222,2,2,2,2,2
19223,2,3,3,3,3
19224,2,2,2,2,2
19225,2,1,1,1,1
19226,2,1,2,1,2
19227,2,3,3,3,3
19228,2,1,1,1,1
19229,2,3,3,3,2
19230,2,1,1,1,2
19231,2,1,1,1,1
19232,2,2,2,2,2
19233,2,2,2,2,3
19234,2,3,2,2,2
19236,2,2,2,2,2
19237,2,3,3,3,3
19238,2,3,3,2,3
19239,2,3,3,2,3
19240,2,2,2,1,2
19241,2,2,2,2,2
19242,2,2,2,2,2
19243,2,3,3,3,3
19244,2,2,2,3,2
19245,2,2,2,2,2
19246,2,2,2,2,2
19247,2,2,2,2,2
19248,2,3,3,3,3
19249,2,2,2,2,3
19250,2,3,3,3,3
19251,2,1,1,1,1
19253,2,2,2,2,2
19254,2,0,2,2,2
19255,2,1,1,2,2
19256,2,2,2,2,2
19257,2,2,2,2,2
19258,2,3,3,3,3
19259,2,2,2,2,2
19260,2,2,2,2,3
19261,2,1,2,2,2
19262,2,2,2,2,3
19263,2,3,3,3,3
19264,2,1,2,1,2
19265,2,3,3,3,3
19266,2,3,3,3,3
19267,2,3,3,2,1
19268,2,2,2,2,2
19270,2,2,3,3,2
19271,2,3,3,3,3
19272,2,2,2,2,2
19273,2,3,3,3,3
19274,2,2,2,2,3
19275,2,3,2,3,3
19276,2,3,2,2,1
19277,2,2,2,2,2
19278,2,3,3,3,3
19280,2,1,2,2,2
19281,2,2,2,2,2
19282,2,0,1,2,2
19283,2,2,3,2,3
19285,2,2,3,2,3
19286,2,2,2,2,2
19287,2,2,2,2,2
19289,2,2,2,2,2
19290,2,3,3,2,3
19291,2,2,2,2,2
19292,2,2,2,2,2
19293,2,2,2,2,2
19294,2,2,2,2,3
19295,2,2,2,2,2
19296,2,2,2,2,2
19297,2,2,3,2,2
19298,2,2,2,1,2
19300,2,2,2,1,1
19301,2,3,3,3,3
19302,2,0,1,1,2
19303,2,1,1,2,2
19304,2,1,1,1,1
19305,2,2,2,2,2
19306,2,1,2,2,3
19307,2,2,3,3,3
19308,2,2,2,2,3
19310,2,1,1,1,2
19311,2,3,3,3,3
19312,2,3,3,3,3
19313,2,3,2,3,3
19314,2,2,2,2,2
19315,2,0,1,2,2
19316,2,2,2,2,1
19317,2,2,2,2,3
19318,2,2,2,2,2
19319,2,2,2,2,1
19320,2,0,1,1,1
19321,2,1,1,1,2
19322,2,2,3,2,3
19323,2,2,2,1,2
19324,2,2,2,2,2
19326,2,2,2,2,2
19327,2,2,2,2,2
19328,2,1,2,2,1
19329,2,2,2,2,2
19330,2,1,1,1,1
19331,2,3,3,3,3
19332,2,2,2,2,2
19333,2,2,2,2,2
19334,2,1,2,2,2
19335,2,2,2,2,2
19336,2,2,2,1,2
19337,2,1,1,1,0
19338,2,1,1,2,2
19339,2,1,2,2,2
19340,2,2,2,2,2
19341,2,1,2,2,2
19342,2,3,3,3,3
19343,2,2,3,2,2
19344,2,2,2,2,3
19345,2,2,2,2,2
19346,2,3,3,3,3
19348,2,1,1,1,1
19349,2,0,1,1,1
19350,2,2,2,2,2
19351,2,2,2,2,2
19352,2,3,2,2,3
19353,2,1,1,1,1
19354,2,2,2,2,2
19355,2,3,3,3,3
19356,2,2,2,2,2
19357,2,2,2,2,2
19358,2,1,1,1,1
19359,2,3,3,3,3
19360,2,2,2,2,2
19361,2,1,2,2,2
19362,2,0,0,1,1
19363,2,3,3,3,3
19364,2,3,3,3,2
19366,2,2,2,2,3
19368,2,2,2,2,2
19369,2,2,2,1,2
19371,2,0,1,1,2
19372,2,2,2,2,2
19373,2,0,1,1,1
19374,2,1,1,2,1
19375,2,2,2,2,2
19376,2,1,1,1,1
19377,2,1,2,2,2
19378,2,3,3,2,2
19379,2,3,3,2,2
19380,2,2,2,2,2
19381,2,3,3,3,3
19382,2,2,2,2,2
19383,2,3,3,2,2
19384,2,1,1,1,2
19385,2,1,1,2,2
19386,2,3,3,3,3
19387,2,2,2,2,2
19388,2,2,2,2,2
19389,2,2,2,2,2
19390,2,1,2,1,1
19391,2,3,3,3,3
19392,2,0,1,1,2
19393,2,1,1,1,1
19394,2,2,2,2,2
19395,2,3,3,3,3
19396,2,2,3,2,3
19397,2,2,2,2,2
19398,2,1,1,1,1
19400,2,0,1,2,2
19401,2,1,2,2,2
19402,2,1,1,1,1
19403,2,2,3,3,2
19404,2,2,2,2,1
19405,2,2,2,2,2
19406,2,3,3,2,3
19408,2,2,2,1,1
19409,2,2,3,2,3
19410,2,2,2,2,2
19411,2,2,2,2,1
19412,2,2,2,2,3
19413,2,3,3,2,3
19414,2,3,3,3,3
19415,2,0,2,2,3
19416,2,2,2,2,2
19417,2,2,3,2,2
19419,2,2,2,2,3
19420,2,2,2,2,2
19421,2,3,3,2,3
19422,2,2,2,2,2
19423,2,3,3,2,3
19424,2,0,1,1,1
19425,2,1,2,2,1
19427,2,3,3,3,3
19428,2,1,1,1,2
19429,2,2,2,3,3
19430,2,2,2,2,2
19431,2,2,3,3,2
19432,2,2,2,2,2
19433,2,3,3,2,3
19434,2,1,1,1,1
19435,2,2,2,2,2
19436,2,0,1,1,1
19437,2,2,2,2,2
19438,2,1,2,2,2
19439,2,1,1,2,3
19440,2,1,2,2,2
19441,2,2,3,2,3
19442,2,2,2,2,2
19443,2,2,2,2,3
19444,2,2,2,2,2
19445,2,2,3,3,3
19446,2,3,3,3,3
19447,2,2,2,2,3
19448,2,2,2,2,1
19449,2,0,1,2,3
19450,2,0,0,0,0
19451,2,3,3,2,2
19454,2,0,1,1,2
19455,2,2,2,1,2
19456,2,1,2,1,1
19457,2,2,2,2,2
19458,2,1,1,1,2
19459,2,3,3,3,3
19460,2,2,2,2,2
19462,2,2,2,2,2
19463,2,3,3,3,2
19464,2,2,2,1,2
19465,2,1,1,1,0
19466,2,2,2,2,2
19467,2,1,1,2,2
19468,2,3,3,3,3
19469,2,2,2,1,1
19470,2,1,1,2,2
19471,2,3,3,3,2
19472,2,2,2,3,3
19473,2,3,3,3,3
19474,2,2,2,2,2
19475,2,2,3,2,2
19476,2,2,2,3,2
19477,2,2,2,2,2
19478,2,3,3,3,3
19479,2,2,2,2,2
19480,2,1,1,1,1
19481,2,3,3,3,3
19482,2,3,2,2,3
19484,2,2,3,3,2
19485,2,2,2,2,3
19488,2,3,3,2,3
19489,2,1,1,1,1
19490,2,2,2,2,2
19491,2,0,1,1,1
19492,2,0,1,1,2
19493,2,0,0,0,1
19494,2,2,1,2,2
19495,2,1,1,1,1
19496,2,2,2,2,2
19497,2,1,1,1,1
19498,2,2,2,2,2
19499,2,3,3,3,3
19500,2,1,1,1,1
19501,2,3,3,3,3
19502,2,3,3,3,3
19503,2,2,2,2,2
19504,2,1,2,2,3
19505,2,2,2,2,3
19506,2,2,2,2,2
19507,2,2,2,2,2
19508,2,1,1,1,1
19509,2,1,1,1,2
19510,2,2,2,2,2
19511,2,1,1,1,2
19512,2,3,3,2,3
19513,2,2,3,2,2
19514,2,2,3,2,3
19515,2,3,3,2,3
19516,2,3,3,3,3
19517,2,2,2,2,2
19518,2,3,3,3,3
19519,2,3,3,2,3
19520,2,2,2,2,3
19521,2,1,1,2,2
19522,2,2,3,2,3
19523,2,2,2,3,2
19524,2,0,2,2,3
19525,2,2,2,2,2
19526,2,1,1,2,2
19527,2,1,1,1,2
19528,2,2,1,2,1
19529,2,3,3,3,3
19530,2,3,3,3,3
19533,2,2,2,2,2
19534,2,2,3,2,2
19535,2,2,2,2,2
19536,2,2,2,2,2
19537,2,1,1,1,2
19538,2,2,2,2,2
19539,2,2,2,1,1
19540,2,2,2,2,3
19541,2,2,2,1,1
19542,2,2,2,2,2
19543,2,2,2,2,2
19544,2,1,1,1,1
19545,2,1,2,2,2
19546,2,2,2,2,2
19547,2,3,3,2,2
19548,2,2,2,2,3
19549,2,1,1,1,1
19550,2,1,1,1,1
19553,2,2,2,2,3
19554,2,0,2,2,2
19555,2,2,2,2,2
19556,2,2,2,2,2
19557,2,3,3,3,3
19558,2,1,2,2,1
19559,2,0,2,2,3
19561,2,2,2,2,2
19562,2,2,3,2,3
19563,2,2,2,2,2
